                  epoch,         train/box_loss,         train/cls_loss,         train/dfl_loss,   metrics/precision(B),      metrics/recall(B),       metrics/mAP50(B),    metrics/mAP50-95(B),           val/box_loss,           val/cls_loss,           val/dfl_loss,                 lr/pg0,                 lr/pg1,                 lr/pg2
                      1,                 2.8838,                 2.0541,                 1.2623,                0.45724,                0.30488,                0.32412,                0.04357,                 3.6639,                 1.8502,                 1.2535,                      0,                      0,                      0
                      2,                 2.6188,                 1.8295,                 1.1067,                 0.4638,                0.30488,                 0.3446,                0.04611,                 3.6407,                 1.8677,                 1.2486,             1.9802e-05,             1.9802e-05,             1.9802e-05
                      3,                 2.4634,                 1.9989,                 1.0675,                0.46423,                0.30488,                0.34292,                0.04738,                  3.616,                 1.8796,                 1.2413,             3.9208e-05,             3.9208e-05,             3.9208e-05
                      4,                 2.6889,                 1.9772,                 1.1919,                0.49235,                0.31707,                0.36687,                0.05059,                 3.6005,                 1.8761,                  1.239,             5.8218e-05,             5.8218e-05,             5.8218e-05
                      5,                 2.8622,                  1.707,                    1.3,                0.49302,                0.31707,                0.37055,                0.05031,                 3.6063,                 1.8857,                 1.2412,             7.6832e-05,             7.6832e-05,             7.6832e-05
                      6,                 2.7754,                 1.7773,                 1.1639,                0.65205,                0.43428,                0.50321,                0.07436,                 3.4674,                 1.7715,                 1.2027,              9.505e-05,              9.505e-05,              9.505e-05
                      7,                  2.533,                 1.4561,                 1.0773,                0.70954,                 0.5122,                0.61522,                0.10078,                 3.2828,                  1.668,                 1.1596,             0.00011287,             0.00011287,             0.00011287
                      8,                 2.5127,                 1.5072,                 1.0577,                0.80251,                0.62195,                0.75291,                0.15003,                 3.0878,                 1.5215,                 1.1152,              0.0001303,              0.0001303,              0.0001303
                      9,                 2.4875,                 1.3953,                 1.1006,                0.84211,                0.71951,                0.78334,                0.18739,                 2.8717,                 1.3805,                  1.077,             0.00014733,             0.00014733,             0.00014733
                     10,                  2.421,                 1.3866,                0.99692,                0.87081,                0.76829,                0.83107,                0.22004,                 2.7382,                 1.2568,                 1.0537,             0.00016396,             0.00016396,             0.00016396
                     11,                 2.2609,                 1.4073,                  1.035,                0.88943,                0.78483,                0.84872,                 0.2572,                 2.5835,                 1.1439,                 1.0278,              0.0001802,              0.0001802,              0.0001802
                     12,                 2.2709,                  1.196,                 1.0444,                0.90732,                0.78049,                0.87407,                0.29627,                 2.4444,                 1.0566,                 1.0042,             0.00019604,             0.00019604,             0.00019604
                     13,                 2.4052,                 1.2369,                  1.029,                0.93016,                 0.8122,                0.90081,                0.31085,                 2.3572,                0.99328,                0.99095,             0.00021149,             0.00021149,             0.00021149
                     14,                 2.1808,                0.96008,                0.94351,                0.92484,                0.82927,                0.92115,                0.32878,                 2.3321,                0.96244,                 0.9857,             0.00022654,             0.00022654,             0.00022654
                     15,                 2.1509,                0.90344,                 1.0378,                0.93237,                0.84068,                0.92714,                0.34403,                 2.2494,                0.93258,                0.97156,             0.00024119,             0.00024119,             0.00024119
                     16,                 2.2073,                0.93883,                 1.0451,                0.90748,                0.86585,                0.93385,                0.36954,                 2.1787,                0.91287,                0.95937,             0.00025545,             0.00025545,             0.00025545
                     17,                 2.1017,                0.92784,                0.99923,                0.88946,                 0.8832,                0.93762,                0.38531,                 2.1283,                0.89928,                0.95028,             0.00026931,             0.00026931,             0.00026931
                     18,                 2.0362,                0.88241,                 1.0523,                0.88946,                 0.8832,                0.93762,                0.38531,                 2.1283,                0.89928,                0.95028,             0.00028278,             0.00028278,             0.00028278
                     19,                 1.9967,                0.82619,                0.92365,                0.90078,                0.88579,                0.93889,                 0.3794,                 2.1625,                0.91256,                0.95431,             0.00029585,             0.00029585,             0.00029585
                     20,                 1.9408,                0.89054,                0.93943,                0.90078,                0.88579,                0.93889,                 0.3794,                 2.1625,                0.91256,                0.95431,             0.00030852,             0.00030852,             0.00030852
                     21,                 2.0291,                0.88492,                 1.0247,                0.89315,                0.89024,                0.94079,                0.37885,                 2.1369,                0.89452,                0.94793,              0.0003208,              0.0003208,              0.0003208
                     22,                 1.9323,                 0.8694,                0.99657,                0.89315,                0.89024,                0.94079,                0.37885,                 2.1369,                0.89452,                0.94793,             0.00033268,             0.00033268,             0.00033268
                     23,                 2.1311,                0.95797,                 1.0161,                0.90007,                0.87874,                0.94416,                0.40473,                 2.0526,                0.88788,                0.93298,             0.00034417,             0.00034417,             0.00034417
                     24,                 1.8534,                  0.824,                0.93277,                0.90007,                0.87874,                0.94416,                0.40473,                 2.0526,                0.88788,                0.93298,             0.00035526,             0.00035526,             0.00035526
                     25,                 1.7761,                0.80745,                0.93228,                0.89958,                0.89024,                0.94736,                0.42801,                 1.9411,                0.87959,                0.91728,             0.00036595,             0.00036595,             0.00036595
                     26,                  2.142,                 0.9816,                0.94944,                0.89958,                0.89024,                0.94736,                0.42801,                 1.9411,                0.87959,                0.91728,             0.00037625,             0.00037625,             0.00037625
                     27,                 1.9354,                0.84864,                 0.9658,                0.91259,                0.89127,                0.94949,                 0.4415,                 1.8875,                0.86908,                0.91013,             0.00038615,             0.00038615,             0.00038615
                     28,                 1.8875,                0.82697,                0.96073,                0.91259,                0.89127,                0.94949,                 0.4415,                 1.8875,                0.86908,                0.91013,             0.00039566,             0.00039566,             0.00039566
                     29,                 1.8043,                0.80297,                0.93102,                0.90655,                0.90244,                0.94928,                0.44069,                 1.9123,                0.88032,                0.91343,             0.00040477,             0.00040477,             0.00040477
                     30,                 1.8805,                 0.8999,                0.93526,                0.90655,                0.90244,                0.94928,                0.44069,                 1.9123,                0.88032,                0.91343,             0.00041348,             0.00041348,             0.00041348
                     31,                 1.8238,                0.82669,                0.93341,                0.90859,                0.89024,                0.93724,                0.43086,                 1.9474,                0.89509,                0.91636,              0.0004218,              0.0004218,              0.0004218
                     32,                 1.7499,                0.80618,                0.91221,                0.90859,                0.89024,                0.93724,                0.43086,                 1.9474,                0.89509,                0.91636,             0.00042972,             0.00042972,             0.00042972
                     33,                 1.9562,                0.94116,                 1.0258,                0.90126,                0.89053,                0.94651,                0.44265,                  1.913,                0.89561,                0.91264,             0.00043725,             0.00043725,             0.00043725
                     34,                 1.8233,                0.79553,                0.91197,                0.90126,                0.89053,                0.94651,                0.44265,                  1.913,                0.89561,                0.91264,             0.00044438,             0.00044438,             0.00044438
                     35,                 1.8982,                 1.0262,                 1.0039,                0.91283,                0.89394,                0.94831,                0.46244,                 1.8482,                0.88508,                0.90512,             0.00045111,             0.00045111,             0.00045111
                     36,                 1.7252,                0.82196,                0.95064,                0.91283,                0.89394,                0.94831,                0.46244,                 1.8482,                0.88508,                0.90512,             0.00045745,             0.00045745,             0.00045745
                     37,                 1.7863,                0.84624,                0.96829,                0.91169,                0.89024,                0.93857,                0.48277,                 1.7724,                0.87746,                0.89544,             0.00046339,             0.00046339,             0.00046339
                     38,                 1.6995,                0.82769,                0.94358,                0.91169,                0.89024,                0.93857,                0.48277,                 1.7724,                0.87746,                0.89544,             0.00046894,             0.00046894,             0.00046894
                     39,                  1.925,                0.96114,                0.93759,                0.91222,                0.88717,                0.94398,                0.48932,                 1.7552,                0.87342,                0.89433,             0.00047409,             0.00047409,             0.00047409
                     40,                 1.9787,                0.93774,                0.96789,                0.91222,                0.88717,                0.94398,                0.48932,                 1.7552,                0.87342,                0.89433,             0.00047884,             0.00047884,             0.00047884
                     41,                 1.8048,                0.82928,                0.94663,                0.90896,                0.87805,                0.94171,                0.49037,                 1.7673,                0.85819,                0.89647,              0.0004832,              0.0004832,              0.0004832
                     42,                 2.0305,                0.82549,                0.93132,                0.90896,                0.87805,                0.94171,                0.49037,                 1.7673,                0.85819,                0.89647,             0.00048716,             0.00048716,             0.00048716
                     43,                 1.8068,                0.87894,                0.98296,                0.92142,                0.85802,                0.94245,                0.48463,                 1.7671,                0.84361,                0.89644,             0.00049073,             0.00049073,             0.00049073
                     44,                 1.6559,                 0.8171,                0.91581,                0.92142,                0.85802,                0.94245,                0.48463,                 1.7671,                0.84361,                0.89644,              0.0004939,              0.0004939,              0.0004939
                     45,                 1.7142,                0.81849,                0.92965,                0.92183,                0.86287,                0.93997,                0.47131,                 1.7854,                0.82875,                0.89954,             0.00049667,             0.00049667,             0.00049667
                     46,                 1.7724,                 0.9514,                0.95553,                0.92183,                0.86287,                0.93997,                0.47131,                 1.7854,                0.82875,                0.89954,             0.00049905,             0.00049905,             0.00049905
                     47,                 1.6459,                0.81536,                 0.9116,                0.89895,                0.86791,                0.94402,                0.46834,                 1.7942,                0.82402,                0.90029,             0.00050103,             0.00050103,             0.00050103
                     48,                 1.6767,                0.84146,                0.91049,                0.89895,                0.86791,                0.94402,                0.46834,                 1.7942,                0.82402,                0.90029,             0.00050262,             0.00050262,             0.00050262
                     49,                 1.6291,                0.81891,                0.93471,                0.87851,                 0.8819,                0.94837,                0.48068,                 1.7722,                0.81463,                0.89613,             0.00050381,             0.00050381,             0.00050381
                     50,                 1.7059,                0.79212,                0.92035,                0.87851,                 0.8819,                0.94837,                0.48068,                 1.7722,                0.81463,                0.89613,              0.0005046,              0.0005046,              0.0005046
                     51,                 1.6502,                0.76664,                0.91056,                0.86654,                0.89024,                0.94624,                0.49089,                 1.7368,                0.81238,                0.89128,               0.000505,               0.000505,               0.000505
                     52,                 1.5996,                 0.7639,                0.91104,                0.86654,                0.89024,                0.94624,                0.49089,                 1.7368,                0.81238,                0.89128,               0.000505,               0.000505,               0.000505
                     53,                 1.5736,                 0.7737,                0.90715,                0.86654,                0.89024,                0.94624,                0.49089,                 1.7368,                0.81238,                0.89128,             0.00050461,             0.00050461,             0.00050461
                     54,                 1.8017,                0.83165,                 0.9458,                0.88363,                0.89024,                0.95063,                0.50138,                 1.6948,                0.81186,                0.88646,             0.00050382,             0.00050382,             0.00050382
                     55,                 2.0235,                0.85543,                0.93025,                0.88363,                0.89024,                0.95063,                0.50138,                 1.6948,                0.81186,                0.88646,             0.00050263,             0.00050263,             0.00050263
                     56,                 1.7119,                0.83809,                0.97331,                0.88363,                0.89024,                0.95063,                0.50138,                 1.6948,                0.81186,                0.88646,             0.00050105,             0.00050105,             0.00050105
                     57,                 1.6302,                0.78942,                0.90725,                0.89112,                0.89833,                0.95377,                 0.5177,                 1.6614,                0.81493,                0.88204,             0.00049907,             0.00049907,             0.00049907
                     58,                  1.545,                0.76446,                0.92603,                0.89112,                0.89833,                0.95377,                 0.5177,                 1.6614,                0.81493,                0.88204,              0.0004967,              0.0004967,              0.0004967
                     59,                 1.5991,                0.77325,                  0.933,                0.89112,                0.89833,                0.95377,                 0.5177,                 1.6614,                0.81493,                0.88204,             0.00049393,             0.00049393,             0.00049393
                     60,                 2.0435,                0.84228,                 0.9228,                0.89174,                 0.9041,                0.95306,                0.50956,                 1.6648,                0.81753,                0.88228,             0.00049076,             0.00049076,             0.00049076
                     61,                 2.3161,                0.90026,                0.95441,                0.89174,                 0.9041,                0.95306,                0.50956,                 1.6648,                0.81753,                0.88228,              0.0004872,              0.0004872,              0.0004872
                     62,                  1.727,                 0.8415,                0.95456,                0.89174,                 0.9041,                0.95306,                0.50956,                 1.6648,                0.81753,                0.88228,             0.00048324,             0.00048324,             0.00048324
                     63,                 1.7448,                0.74799,                0.89822,                0.88698,                0.90244,                0.95273,                0.49686,                 1.6994,                0.81482,                0.88755,             0.00047889,             0.00047889,             0.00047889
                     64,                 1.7619,                0.79135,                0.92803,                0.88698,                0.90244,                0.95273,                0.49686,                 1.6994,                0.81482,                0.88755,             0.00047414,             0.00047414,             0.00047414
                     65,                 1.7815,                0.80058,                0.91407,                0.88698,                0.90244,                0.95273,                0.49686,                 1.6994,                0.81482,                0.88755,             0.00046899,             0.00046899,             0.00046899
                     66,                 1.5892,                0.75818,                0.92215,                0.89164,                0.90318,                0.94638,                0.49031,                 1.7148,                0.80732,                0.88886,             0.00046345,             0.00046345,             0.00046345
                     67,                 1.8184,                 0.8711,                0.91195,                0.89164,                0.90318,                0.94638,                0.49031,                 1.7148,                0.80732,                0.88886,             0.00045751,             0.00045751,             0.00045751
                     68,                 1.7301,                0.83904,                 0.9185,                0.89164,                0.90318,                0.94638,                0.49031,                 1.7148,                0.80732,                0.88886,             0.00045118,             0.00045118,             0.00045118
                     69,                 1.6376,                0.78277,                0.92354,                0.89107,                0.92683,                0.95485,                0.49923,                 1.6801,                0.80976,                 0.8847,             0.00044445,             0.00044445,             0.00044445
                     70,                 1.8429,                0.78981,                0.90677,                0.89107,                0.92683,                0.95485,                0.49923,                 1.6801,                0.80976,                 0.8847,             0.00043732,             0.00043732,             0.00043732
                     71,                 1.6841,                0.75206,                0.91591,                0.89107,                0.92683,                0.95485,                0.49923,                 1.6801,                0.80976,                 0.8847,              0.0004298,              0.0004298,              0.0004298
                     72,                 1.8334,                 0.8612,                0.93883,                0.89212,                0.92683,                0.94588,                0.50199,                 1.6795,                0.80706,                0.88379,             0.00042188,             0.00042188,             0.00042188
                     73,                 1.6553,                0.78468,                0.93431,                0.89212,                0.92683,                0.94588,                0.50199,                 1.6795,                0.80706,                0.88379,             0.00041357,             0.00041357,             0.00041357
                     74,                 1.5424,                0.74445,                0.91121,                0.89212,                0.92683,                0.94588,                0.50199,                 1.6795,                0.80706,                0.88379,             0.00040486,             0.00040486,             0.00040486
                     75,                 1.6377,                0.75394,                 0.9151,                0.89474,                0.93299,                0.95071,                0.48817,                 1.7023,                0.80892,                0.88875,             0.00039575,             0.00039575,             0.00039575
                     76,                 1.7435,                0.88021,                0.94332,                0.89474,                0.93299,                0.95071,                0.48817,                 1.7023,                0.80892,                0.88875,             0.00038625,             0.00038625,             0.00038625
                     77,                 1.6425,                0.77707,                0.93485,                0.89474,                0.93299,                0.95071,                0.48817,                 1.7023,                0.80892,                0.88875,             0.00037635,             0.00037635,             0.00037635
                     78,                 1.6707,                0.78201,                0.93123,                0.89282,                0.91425,                0.95076,                0.49366,                 1.7017,                0.80416,                0.88765,             0.00036606,             0.00036606,             0.00036606
                     79,                 1.6298,                0.76922,                0.91472,                0.89282,                0.91425,                0.95076,                0.49366,                 1.7017,                0.80416,                0.88765,             0.00035537,             0.00035537,             0.00035537
